country,continent,lifeExp,pop,gdpPercap
Afghanistan,Asia,43.828,31889923,974.5803384
Albania,Europe,76.423,3600523,974.5803384
Algeria,Africa,72.301,33333216,6223,367465
Angola,Americas,75.32,40301927,12779.37964
Australia,Oceania,81.235,20434176,34435.36744
